"url","status","redirect_to","in_sitemap","in_menu","title","meta_description","h1_count","h1","canonical","robots","jsonld_types","inlinks","error"
"https://www.travelhubmongolia.com/","200","","True","True","Travel Mongolia | Монголд аялах аяллын гарын авлага","Монголд аялах бүх мэдээлэл нэг дор: үзэх газрууд, нүүдэлчин соёл, баяр наадам, аяллын маршрут, байрлах газар, аяллын зөвлөгөө.","1","Монголд тавтай морил","https://www.travelhubmongolia.com","index, follow","WebSite","98",""
"https://www.travelhubmongolia.com/about/at-a-glance","200","","True","True","Монгол орныг товчхон: газарзүй, хүн ам, цаг агаар | Travel Mongolia","Монгол улсын тухай гол баримтууд: нийслэл, хүн ам, газар нутаг, цаг агаар, мөнгөн тэмдэгт, хэл. Аялахаас өмнө мэдэх хэрэгтэй бүхэн.","1","Монгол орныг товчхон","https://www.travelhubmongolia.com/about/at-a-glance","index, follow","WebSite","98",""
"https://www.travelhubmongolia.com/about/culture","200","","True","True","Монголын соёл ба өв | Travel Mongolia","Монголын уламжлалт соёл, урлаг, хөөмий, морин хуур, бичиг үсэг болон ЮНЕСКО-д бүртгэгдсэн соёлын өвтэй танилцаарай.","1","Соёл ба өв","https://www.travelhubmongolia.com/about/culture","index, follow","WebSite","98",""
"https://www.travelhubmongolia.com/about/food","200","","True","True","Монгол хоол, ундаа: бууз, хуушуур, айраг | Travel Mongolia","Уламжлалт монгол хоол, цагаан идээ, айраг, боодог, хорхог зэрэг заавал амтлах ёстой хоол ундааны гарын авлага.","1","Монгол хоол, ундаа","https://www.travelhubmongolia.com/about/food","index, follow","WebSite","98",""
"https://www.travelhubmongolia.com/about/history","200","","True","True","Монголын түүх: Хүннүгээс өнөөг хүртэл | Travel Mongolia","Хүннү гүрэн, Чингис хаан, Их Монгол улсаас эхлээд ардчилсан Монгол хүртэлх түүхийн гол үе шатууд.","1","Монголын түүх","https://www.travelhubmongolia.com/about/history","index, follow","WebSite","98",""
"https://www.travelhubmongolia.com/about/modern","200","","True","True","Өнөөгийн Монгол: хот, эдийн засаг, амьдрал | Travel Mongolia","Орчин үеийн Монгол улс: Улаанбаатар хотын амьдрал, эдийн засаг, технологи, урлаг болон залуу үеийн соёл.","1","Өнөөгийн Монгол","https://www.travelhubmongolia.com/about/modern","index, follow","WebSite","98",""
"https://www.travelhubmongolia.com/about/nature","200","","True","True","Монголын байгаль, газарзүй, амьтан | Travel Mongolia","Говь, тал хээр, тайга, Алтайн нуруу, нуур голууд болон Монголын ховор зэрлэг амьтдын тухай танилцуулга.","1","Байгаль, газарзүй, амьтан","https://www.travelhubmongolia.com/about/nature","index, follow","WebSite","98",""
"https://www.travelhubmongolia.com/about/nomadic-life","200","","True","True","Нүүдэлчин ахуй амьдрал: гэр, мал аж ахуй | Travel Mongolia","Монгол нүүдэлчдийн өдөр тутмын амьдрал, гэр, таван хошуу мал, улирлын нүүдэл болон зочломтгой ёс заншил.","1","Нүүдэлчин ахуй амьдрал","https://www.travelhubmongolia.com/about/nomadic-life","index, follow","WebSite","98",""
"https://www.travelhubmongolia.com/about/people","200","","True","True","Монгол хүн, хэл, үндэстний онцлог | Travel Mongolia","Монгол үндэстэн, ястан угсаатнууд, монгол хэл, кирилл болон монгол бичиг, хүмүүсийн зан төлөвийн онцлог.","1","Монгол хүн, хэл, үндэстний онцлог","https://www.travelhubmongolia.com/about/people","index, follow","WebSite","98",""
"https://www.travelhubmongolia.com/about/traditions","200","","True","True","Монгол ёс заншил, уламжлал, шүтлэг | Travel Mongolia","Цагаан сар, овоо тахих, бөө мөргөл, буддын шашин болон өдөр тутмын цээрлэх ёс, монгол уламжлалын тухай.","1","Ёс заншил, уламжлал, шүтлэг","https://www.travelhubmongolia.com/about/traditions","index, follow","WebSite","98",""
"https://www.travelhubmongolia.com/destination/landscapes","200","","True","True","Монголын байгалийн тогтоц, ландшафт | Travel Mongolia","Говь цөл, тал хээр, уул нуруу, нуур, ойт хээрээр ангилсан Монголын үзэсгэлэнт газрууд. Аяллын чиглэлээ сонгоорой.","1","Байгалийн тогтоц, ландшафтаар","https://www.travelhubmongolia.com/destination/landscapes","index, follow","WebSite","98",""
"https://www.travelhubmongolia.com/destination/map","200","","True","True","Монголын аяллын интерактив газрын зураг | Travel Mongolia","Монголын үзэх газрууд, байгалийн дурсгал, түүхэн өвийг интерактив газрын зураг дээрээс хайж, байршлыг нь хараарай.","1","Монголын аяллын интерактив газрын зураг","https://www.travelhubmongolia.com/destination/map","index, follow","WebSite","98",""
"https://www.travelhubmongolia.com/destination/national-parks","200","","True","True","Байгалийн цогцолборт газрууд | Travel Mongolia","Хөвсгөл, Горхи-Тэрэлж, Говь гурван сайхан зэрэг Монголын байгалийн цогцолборт газрууд, очих зам, үзэх зүйлс.","1","Байгалийн цогцолборт газар","https://www.travelhubmongolia.com/destination/national-parks","index, follow","WebSite","98",""
"https://www.travelhubmongolia.com/destination/natural-monuments","200","","True","True","Байгалийн дурсгалт газрууд | Travel Mongolia","Монголын байгалийн дурсгалт газрууд: өвөрмөц хад, агуй, рашаан, нуур болон хамгаалалтад авсан байгалийн тогтоцууд.","1","Байгалийн дурсгалт газар","https://www.travelhubmongolia.com/destination/natural-monuments","index, follow","WebSite","98",""
"https://www.travelhubmongolia.com/destination/nature-reserves","200","","True","True","Байгалийн нөөц газрууд | Travel Mongolia","Монголын байгалийн нөөц газрууд, тэдгээрийн ургамал, амьтны аймаг, аялагчдад зориулсан мэдээлэл.","1","Байгалийн нөөц газар","https://www.travelhubmongolia.com/destination/nature-reserves","index, follow","WebSite","98",""
"https://www.travelhubmongolia.com/destination/protected","200","","True","True","Тусгай хамгаалалттай газрууд | Travel Mongolia","Монголын тусгай хамгаалалттай газрууд: дархан цаазат, байгалийн цогцолборт, нөөц болон дурсгалт газруудын жагсаалт.","1","Тусгай хамгаалалттай газраар","https://www.travelhubmongolia.com/destination/protected","index, follow","WebSite","98",""
"https://www.travelhubmongolia.com/destination/routes","200","","True","True","Монголын аяллын маршрут, замууд | Travel Mongolia","Төв, Говь, Хөвсгөл, Баруун Монгол чиглэлийн шилдэг аяллын маршрутууд, зай, хугацаа, замд үзэх газрууд.","1","Аяллын маршрут, замаар","https://www.travelhubmongolia.com/destination/routes","index, follow","WebSite","98",""
"https://www.travelhubmongolia.com/destination/strictly-protected","200","","True","True","Дархан цаазат газрууд | Travel Mongolia","Монголын дархан цаазат газрууд: Их говь, Богд хан уул, Хан Хэнтий зэрэг хамгийн өндөр хамгаалалттай байгаль.","1","Дархан цаазат газар","https://www.travelhubmongolia.com/destination/strictly-protected","index, follow","WebSite","98",""
"https://www.travelhubmongolia.com/inspiration/hidden","200","","True","True","Hidden Mongolia: нууц үзэсгэлэнт газрууд | Travel Mongolia","Жуулчид төдийлөн очдоггүй Монголын нууц, үзэсгэлэнт газрууд. Бусдаас өөр аялал хийхийг хүсвэл эндээс эхлээрэй.","1","Hidden Mongolia","https://www.travelhubmongolia.com/inspiration/hidden","index, follow","WebSite","98",""
"https://www.travelhubmongolia.com/inspiration/itineraries","200","","True","True","Монголын аяллын маршрутууд: өдөр өдрөөр | Travel Mongolia","3 хоногоос 2 долоо хоног хүртэлх Монголын аяллын бэлэн маршрутууд, өдөр бүрийн төлөвлөгөө, зөвлөгөө.","1","Маршрутууд","https://www.travelhubmongolia.com/inspiration/itineraries","index, follow","WebSite","98",""
"https://www.travelhubmongolia.com/inspiration/seasons","200","","True","True","Монголд хэзээ аялах вэ? Дөрвөн улирлаар | Travel Mongolia","Хавар, зун, намар, өвлийн улиралд Монголд аялахад юу үзэх, ямар арга хэмжээ болох, юу бэлдэх тухай зөвлөгөө.","1","Дөрвөн Улирлаар","https://www.travelhubmongolia.com/inspiration/seasons","index, follow","WebSite","98",""
"https://www.travelhubmongolia.com/inspiration/styles","200","","True","True","Аяллын хэв маягаар: гэр бүл, адал явдал, тансаг | Travel Mongolia","Гэр бүлийн, адал явдалт, тансаг, ганцаарчилсан зэрэг аяллын хэв маягт тохирсон Монголын аяллын санаанууд.","1","Хэв маягаар","https://www.travelhubmongolia.com/inspiration/styles","index, follow","WebSite","98",""
"https://www.travelhubmongolia.com/inspiration/top-lists","200","","True","True","Top Lists: Монголын шилдэг газрууд, туршлагууд | Travel Mongolia","Монголд заавал очих газрууд, заавал турших туршлага, шилдэг нуур, уулсын жагсаалтууд.","1","Top Lists","https://www.travelhubmongolia.com/inspiration/top-lists","index, follow","WebSite","98",""
"https://www.travelhubmongolia.com/plan/accommodation","200","","True","True","Монголд байрлах газар: зочид буудал, гэр бааз | Travel Mongolia","Улаанбаатарын зочид буудлууд, орон нутгийн жуулчны гэр баазууд болон захиалга хийх лавлах мэдээлэл.","1","Байрлах газар & Захиалгын лавлах","https://www.travelhubmongolia.com/plan/accommodation","index, follow","WebSite","98",""
"https://www.travelhubmongolia.com/plan/before-you-travel","200","","True","True","Монголд ирэхээс өмнө: виз, даатгал, бэлтгэл | Travel Mongolia","Виз, паспорт, эрүүл мэнд, даатгал, мөнгө солих, юу авч явах зэрэг Монголд аялахаас өмнө мэдэх хэрэгтэй зүйлс.","1","Монголд ирэхээс өмнө","https://www.travelhubmongolia.com/plan/before-you-travel","index, follow","WebSite","98",""
"https://www.travelhubmongolia.com/plan/getting-around","200","","True","True","Монгол дотор аялах: тээвэр, зам, унаа | Travel Mongolia","Дотоодын нислэг, галт тэрэг, автобус, жолоочтой машин түрээслэх зэрэг Монгол дотор зорчих бүх арга.","1","Монгол дотор аялах","https://www.travelhubmongolia.com/plan/getting-around","index, follow","WebSite","98",""
"https://www.travelhubmongolia.com/plan/getting-to-mongolia","200","","True","True","Монголд хэрхэн ирэх вэ: нислэг, галт тэрэг | Travel Mongolia","Чингис хаан олон улсын нисэх буудал, олон улсын нислэгүүд, Транссибирийн галт тэрэг болон хилийн боомтуудын мэдээлэл.","1","Монголд ирэх","https://www.travelhubmongolia.com/plan/getting-to-mongolia","index, follow","WebSite","98",""
"https://www.travelhubmongolia.com/plan/safety-info","200","","True","True","Монголд аялахад аюулгүй байдал, хэрэгтэй мэдээлэл | Travel Mongolia","Яаралтай тусламжийн утас, эрүүл мэнд, цаг агаар, хээрийн аяллын аюулгүй байдал болон хэрэгтэй зөвлөгөөнүүд.","1","Аюулгүй байдал & Хэрэгтэй мэдээлэл","https://www.travelhubmongolia.com/plan/safety-info","index, follow","WebSite","98",""
"https://www.travelhubmongolia.com/plan/services","200","","True","True","Аяллын үйлчилгээ: хөтөч, аяллын компани | Travel Mongolia","Монгол дахь аяллын компаниуд, хөтөч, орчуулагч, тээвэр болон аялагчдад хэрэгтэй бусад үйлчилгээний лавлах.","1","Аяллын үйлчилгээ","https://www.travelhubmongolia.com/plan/services","index, follow","WebSite","98",""
"https://www.travelhubmongolia.com/planner","200","","True","True","Аяллын интерактив төлөвлөгч | Travel Mongolia","Монголын аяллаа өөрөө төлөвлөөрэй: очих газраа сонгож, маршрут, хугацаагаа газрын зураг дээр гаргаарай.","1","Аяллын интерактив төлөвлөгч C08 SYSTEM","https://www.travelhubmongolia.com/planner","index, follow","WebSite","98",""
"https://www.travelhubmongolia.com/things-to-do/adventure","200","","True","True","Монголд адал явдалт аялал: морь, тэмээ, явган | Travel Mongolia","Морин аялал, тэмээ унах, явган аялал, уулын авиралт, дугуй, каяк зэрэг Монголын адал явдалт туршлагууд.","1","Адал явдал, идэвхтэй аялал","https://www.travelhubmongolia.com/things-to-do/adventure","index, follow","WebSite","98",""
"https://www.travelhubmongolia.com/things-to-do/culture","200","","True","True","Монголын түүх, соёлын аялал | Travel Mongolia","Хийд, музей, эртний хот, хадны зураг, түүхэн дурсгалт газруудаар аялж Монголын соёл, өвтэй танилцаарай.","1","Түүх, соёл, өв","https://www.travelhubmongolia.com/things-to-do/culture","index, follow","WebSite","98",""
"https://www.travelhubmongolia.com/things-to-do/events","200","","True","True","Монголын баяр наадам, арга хэмжээ | Travel Mongolia","Наадам, Цагаан сар, Бүргэдийн баяр, Мөсний баяр зэрэг Монголын томоохон баяр наадам, арга хэмжээний хуанли.","1","Баяр наадам, арга хэмжээ","https://www.travelhubmongolia.com/things-to-do/events","index, follow","WebSite","98",""
"https://www.travelhubmongolia.com/things-to-do/festivals","200","","True","True","Монголын фестивалиуд: Наадам, Бүргэдийн баяр | Travel Mongolia","Монголд жил бүр болдог фестивалиуд: Үндэсний их баяр наадам, Алтайн бүргэдийн баяр, Тэмээний баяр болон бусад.","1","Баяр наадам, арга хэмжээ","https://www.travelhubmongolia.com/things-to-do/festivals","index, follow","WebSite","98",""
"https://www.travelhubmongolia.com/things-to-do/food","200","","True","True","Монгол хоол, ундааны туршлага | Travel Mongolia","Малчин айлд хорхог хийх, айраг исгэх, цагаан идээ амтлах зэрэг Монголын хоол, ундааны өвөрмөц туршлагууд.","1","Хоол, ундааны туршлага","https://www.travelhubmongolia.com/things-to-do/food","index, follow","WebSite","98",""
"https://www.travelhubmongolia.com/things-to-do/nature","200","","True","True","Монголын байгальд аялах | Travel Mongolia","Говийн манхан, Хөвсгөл нуур, Алтайн мөсөн гол, тал хээр зэрэг Монголын байгалийн үзэсгэлэнт газруудаар аялах.","1","Байгальд аялах","https://www.travelhubmongolia.com/things-to-do/nature","index, follow","WebSite","98",""
"https://www.travelhubmongolia.com/things-to-do/nomadic","200","","True","True","Нүүдэлчин ахуйг мэдрэх: малчин айлд буух | Travel Mongolia","Малчин айлд хонож, мал сааж, гэр барих зэргээр Монголын нүүдэлчин амьдралыг өөрийн биеэр мэдрээрэй.","1","Нүүдэлчин ахуйг мэдрэх","https://www.travelhubmongolia.com/things-to-do/nomadic","index, follow","WebSite","98",""
"https://www.travelhubmongolia.com/things-to-do/wellness","200","","True","True","Амралт, бясалгал, рашаан сувилал | Travel Mongolia","Монголын рашаан сувилал, бясалгалын аялал, хийд дэх сүнслэг туршлага болон байгальд амрах газрууд.","1","Амралт, бясалгал, сүнслэг туршлага","https://www.travelhubmongolia.com/things-to-do/wellness","index, follow","WebSite","98",""
"https://www.travelhubmongolia.com/things-to-do/wildlife","200","","True","True","Монголд зэрлэг амьтан, шувуу ажиглах | Travel Mongolia","Тахь, ирвэс, аргаль, говийн баавгай, тогоруу зэрэг ховор амьтан, шувуу ажиглах шилдэг газрууд, улирал.","1","Зэрлэг амьтан, шувуу ажиглах","https://www.travelhubmongolia.com/things-to-do/wildlife","index, follow","WebSite","98",""
"https://www.travelhubmongolia.com/destination/heritage","200","","True","True","Монголын түүхэн өв, дурсгалт газрууд | Travel Mongolia","Монголын түүх, соёлын дурсгалт газрууд: хийд, эртний хот, хөшөө дурсгал, хадны зургийг ангиллаар нь үзээрэй.","1","Түүх, соёлын газруудаар","https://www.travelhubmongolia.com/destination/heritage","index, follow","WebSite","98",""
"https://www.travelhubmongolia.com/destination/region","200","","True","True","Монголын бүс нутаг, аймгууд | Travel Mongolia","Монголын бүс нутаг, 21 аймгаар ангилсан үзэх газрууд, түүхэн өв, аймаг бүрийн танилцуулга.","1","Зорих газрууд","https://www.travelhubmongolia.com/destination/region","index, follow","WebSite","98",""
"https://www.travelhubmongolia.com/respect","200","","True","True","Хариуцлагатай аяллын гарын авлага: аялагчийн амлалт | Travel Mongolia","Монголд хүндэтгэлтэй аялах аялагчийн амлалт: байгаль, нүүдэлчин айл, ариун газар, зэрлэг амьтан, нутгийн иргэдийг хүндэтгэх энгийн зөвлөгөө.","1","Хариуцлагатай аяллын гарын авлага","https://www.travelhubmongolia.com/respect","index, follow","WebSite;BreadcrumbList","98",""
"https://www.travelhubmongolia.com/respect/etiquette","200","","True","True","Монгол ёс заншил: гэрт орох, зочлох, зураг авах | Travel Mongolia","Монгол гэрт орох ёс, цай идээ авах, овоо тойрох, хийд сүмд биеэ авч явах, хүнийг зураг авахаас өмнө зөвшөөрөл асуух зэрэг аялагчийн ёс зүй.","1","Соёл, ёс заншил","https://www.travelhubmongolia.com/respect/etiquette","index, follow","WebSite;BreadcrumbList","98",""
"https://www.travelhubmongolia.com/respect/nature","200","","True","True","Байгальд ээлтэй аялал: хог, ус, гал, зэрлэг амьтан | Travel Mongolia","Монголын байгалийг хамгаалж аялах зөвлөгөө: хог хаягдал, ус, гал, машины зам, зэрлэг амьтан, тусгай хамгаалалттай газар, нүүдэлчдийн уламжлал.","1","Байгальд ээлтэй аялал","https://www.travelhubmongolia.com/respect/nature","index, follow","WebSite;BreadcrumbList","98",""
"https://www.travelhubmongolia.com/respect/accessible","200","","True","True","Хүртээмжтэй аялал: ахмад, хүүхэдтэй, хөдөлгөөний бэрхшээлтэй | Travel Mongolia","Хөдөлгөөний бэрхшээлтэй, ахмад настан, хүүхэдтэй аялагчид Монголд аялал төлөвлөхөд анхаарах ерөнхий зөвлөгөө, үйлчилгээ үзүүлэгчээс асуух зүйлс.","1","Хүртээмжтэй аялал","https://www.travelhubmongolia.com/respect/accessible","index, follow","WebSite;BreadcrumbList","98",""
"https://www.travelhubmongolia.com/stories","200","","True","True","Монголын түүхүүд: соёл, байгаль, нүүдэлчид, хоол | Travel Mongolia","Монголын соёл, өв, байгаль, нүүдэлчдийн амьдрал, хоол, хүмүүсийн тухай түүхүүд, фото болон видео түүхийг нэг дороос.","1","Монголын түүхүүд","https://www.travelhubmongolia.com/stories","index, follow","WebSite;BreadcrumbList","98",""
"https://www.travelhubmongolia.com/destination/heritage/place/burkhan-khaldun","200","","True","False","Бурхан Халдун уул & хүрээлэн буй нутаг, Хэнтий · 2015 он | Travel Mongolia","Орхон хөндийн соёлын дурсгал бол бла бла бла бла бла бла бла бла бла бал бла бла бла лб алб лай","1","Бурхан Халдун уул & хүрээлэн буй нутаг","https://www.travelhubmongolia.com/destination/heritage/place/burkhan-khaldun","index, follow","WebSite;TouristAttraction","4",""
"https://www.travelhubmongolia.com/destination/heritage/place/bugan-chuluun-khushuu","200","","True","False","Буган чулуун хөшөө, хүрэл зэвсгийн цогцолбор, Хөвсгөл, Архангай · 2023 он | Travel Mongolia","Орхон хөндийн соёлын дурсгал бол бла бла бла бла бла бла бла бла бла бал бла бла бла лб алб лай","1","Буган чулуун хөшөө, хүрэл зэвсгийн цогцолбор","https://www.travelhubmongolia.com/destination/heritage/place/bugan-chuluun-khushuu","index, follow","WebSite;TouristAttraction","4",""
"https://www.travelhubmongolia.com/destination/heritage/place/orkhony-khundii","200","","True","False","Орхоны хөндийн соёлын дурсгал, Өвөрхангай, Архангай · 2004 он | Travel Mongolia","Орхон хөндийн соёлын дурсгал бол бла бла бла бла бла бла бла бла бла бал бла бла бла лб алб лай","1","Орхоны хөндийн соёлын дурсгал","https://www.travelhubmongolia.com/destination/heritage/place/orkhony-khundii","index, follow","WebSite;TouristAttraction","4",""
"https://www.travelhubmongolia.com/destination/heritage/unesco","200","","True","False","UNESCO Дэлхийн өв: Монголын түүхэн өв | Travel Mongolia","Монголын UNESCO Дэлхийн өв: Буган чулуун хөшөө, хүрэл зэвсгийн цогцолбор, Бурхан Халдун уул & хүрээлэн буй нутаг, Орхоны хөндийн соёлын дурсгал болон бусад…","1","UNESCO Дэлхийн өв","https://www.travelhubmongolia.com/destination/heritage/unesco","index, follow","WebSite","2",""
"https://www.travelhubmongolia.com/province/khovd","200","","True","False","Ховд аймаг: үзэх газрууд, аялах мэдээлэл | Travel Mongolia","Хамгийн түрүүнд хаашаа очих вэ","1","Ховд аймаг","https://www.travelhubmongolia.com/province/khovd","index, follow","WebSite","8",""
"https://www.travelhubmongolia.com/province/ulaanbaatar","200","","True","False","Улаанбаатар: үзэх газрууд, аялах мэдээлэл | Travel Mongolia","Хурдацтайгаар хөгжиж буй Монгол улсын нийслэл","1","Улаанбаатар","https://www.travelhubmongolia.com/province/ulaanbaatar","index, follow","WebSite","8",""
"https://www.travelhubmongolia.com/recommendation/ulsyn-ikh-bayar-naadam","200","","True","False","Улсын их баяр наадам | Travel Mongolia","Улсын их баяр наадам: Монголд аялахад санал болгох газар, туршлага.","1","Улсын их баяр наадам","https://www.travelhubmongolia.com/recommendation/ulsyn-ikh-bayar-naadam","index, follow","WebSite","4",""
"https://www.travelhubmongolia.com/recommendation/aimgiin-naadam","200","","True","False","Аймгийн наадам | Travel Mongolia","Аймгийн наадам: Монголд аялахад санал болгох газар, туршлага.","1","Аймгийн наадам","https://www.travelhubmongolia.com/recommendation/aimgiin-naadam","index, follow","WebSite","4",""
"https://www.travelhubmongolia.com/recommendation/sumyn-naadam","200","","True","False","Сумын наадам | Travel Mongolia","Сумын наадам: Монголд аялахад санал болгох газар, туршлага.","1","Сумын наадам","https://www.travelhubmongolia.com/recommendation/sumyn-naadam","index, follow","WebSite","4",""
"https://www.travelhubmongolia.com/recommendation/7hzN5C6m5qhG3yM4WRvSin","200","","True","False","Хотын наадам | Travel Mongolia","Хотын наадам: Монголд аялахад санал болгох газар, туршлага.","1","Хотын наадам","https://www.travelhubmongolia.com/recommendation/7hzN5C6m5qhG3yM4WRvSin","index, follow","WebSite","5",""
"https://www.travelhubmongolia.com/destination/khuvsgul-nuur","200","","True","False","Хөвсгөл нуур | Travel Mongolia","Хөвсгөл нуур бол монголын хамгийн гүн нуур юм. Өвлийн улиралд их үзэсгэлэнтэй байх ба хүмүүсийн очих дуртай газруудын нэг болдог.","1","Хөвсгөл нуур","https://www.travelhubmongolia.com/destination/khuvsgul-nuur","index, follow","WebSite","4",""
"https://www.travelhubmongolia.com/destination/terelj","200","","True","False","Тэрэлж | Travel Mongolia","Горхи–Тэрэлж бол Улаанбаатар хотын хамгийн ойрын бөгөөд хамгийн их зорьдог байгалийн аяллын бүсүүдийн нэг. Нийслэлээс зүүн тийш ойролцоогоор 50–60 км зайд,…","1","Тэрэлж","https://www.travelhubmongolia.com/destination/terelj","index, follow","WebSite","4",""
"https://www.travelhubmongolia.com/destination/sukhbaataryn-talbai","200","","True","False","Сүхбаатарын талбай | Travel Mongolia","Монгол улсын төв нийслэл, Улаанбаатар хот, Сүхбаатарын талбай","1","Сүхбаатарын талбай","https://www.travelhubmongolia.com/destination/sukhbaataryn-talbai","index, follow","WebSite","4",""
"https://www.travelhubmongolia.com/destination/darkhan-uul","200","","True","False","Дархан-Уул аймаг | Travel Mongolia","Одоогоор оруулах тийм их мэдээлэл алга аа","1","Дархан-Уул аймаг","https://www.travelhubmongolia.com/destination/darkhan-uul","index, follow","WebSite","3",""
"https://www.travelhubmongolia.com/destination/13th-century","200","","True","False","13-р зуун цогцолбор | Travel Mongolia","Одоогоор өгөх дэлгэрэнгүй мэдээлэл алга","1","13-р зуун цогцолбор","https://www.travelhubmongolia.com/destination/13th-century","index, follow","WebSite","0",""
"https://www.travelhubmongolia.com/local/experiences","200","","False","True","Нутгийн туршлага: малчин айл, гар урлал, хоол | Travel Mongolia","Нутгийн иргэдийн зохион байгуулдаг туршлагууд: малчин айлд өнжих, эсгий хийх, уламжлалт хоол. Хэн зохион байгуулдаг, юу хийх, үнэ.","1","Нутгийн туршлага","https://www.travelhubmongolia.com/local/experiences","noindex, follow","WebSite","98",""
"https://www.travelhubmongolia.com/stories/photo-video","200","","False","True","Фото/видео түүх: Монголыг зураг, бичлэгээр | Travel Mongolia","Монголын байгаль, нүүдэлчдийн амьдрал, нутгийн хүмүүсийн тухай зураг, видео түүхүүд болон аяллын нийтлэлүүд.","1","Фото/видео түүх","https://www.travelhubmongolia.com/stories/photo-video","noindex, follow","WebSite;BreadcrumbList","98",""
"https://www.travelhubmongolia.com/local/guides","200","","False","True","Нутгийн хөтөч нар | Travel Mongolia","Нутгаа сайн мэддэг, нутгийн хөтөч нар. Мэргэшсэн чиглэл, үйлчилгээ, үнэ, захиалга.","1","Нутгийн хөтөч","https://www.travelhubmongolia.com/local/guides","noindex, follow","WebSite","98",""
"https://www.travelhubmongolia.com/local/herder-families","200","","False","True","Малчин өрхүүд: гэрт хоноглох, нүүдэлчин ахуй | Travel Mongolia","Зочид хүлээн авдаг малчин өрхүүд. Гэрт хоноглох, мал маллах, цагаан идээ хийх туршлага, үнэ, захиалга.","1","Малчин өрх","https://www.travelhubmongolia.com/local/herder-families","noindex, follow","WebSite","98",""
"https://www.travelhubmongolia.com/local/artisans","200","","False","True","Монголын гар урлаачид | Travel Mongolia","Эсгий, арьс шир, мод, мөнгөн дарханы урлал. Гар урлаачид, тэдний бүтээл, сургалт, туршлага.","1","Гар урлаач","https://www.travelhubmongolia.com/local/artisans","noindex, follow","WebSite","98",""
"https://www.travelhubmongolia.com/local/food","200","","False","True","Нутгийн хоол: айл, гуанз, үйлдвэрлэгчид | Travel Mongolia","Нутгийн хоол, ундаа санал болгодог айл, гуанз, жижиг үйлдвэрлэгчид. Юу амтлах, хаана, хэзээ.","1","Нутгийн хоол","https://www.travelhubmongolia.com/local/food","noindex, follow","WebSite","98",""
"https://www.travelhubmongolia.com/local/products","200","","False","True","Нутгийн бүтээгдэхүүн: цагаан идээ, гар урлал | Travel Mongolia","Монголын нутгийн бүтээгдэхүүн: цагаан идээ, эсгий, гар урлал. Хэн хийдэг, хаана, хэзээ олдох, хаанаас авах.","1","Нутгийн бүтээгдэхүүн","https://www.travelhubmongolia.com/local/products","noindex, follow","WebSite","98",""
"https://www.travelhubmongolia.com/impact","200","","False","True","Үр өгөөж & түншлэл: орон нутаг, аймаг, бизнес | Travel Mongolia","Аялал жуулчлалын үр өгөөжийг орон нутагт хүргэх зорилго, түншлэлийн төслүүд, аймаг ба DMO, аяллын бизнес, хандивлагчдад зориулсан мэдээлэл.","1","Үр өгөөж & түншлэл","https://www.travelhubmongolia.com/impact","noindex, follow","WebSite;BreadcrumbList","98",""
"https://www.travelhubmongolia.com/destination/region?region=central","200","","False","True","Монголын бүс нутаг, аймгууд | Travel Mongolia","Монголын бүс нутаг, 21 аймгаар ангилсан үзэх газрууд, түүхэн өв, аймаг бүрийн танилцуулга.","1","Зорих газрууд","https://www.travelhubmongolia.com/destination/region","index, follow","WebSite","98",""
"https://www.travelhubmongolia.com/destination/region?region=khangai","200","","False","True","Монголын бүс нутаг, аймгууд | Travel Mongolia","Монголын бүс нутаг, 21 аймгаар ангилсан үзэх газрууд, түүхэн өв, аймаг бүрийн танилцуулга.","1","Зорих газрууд","https://www.travelhubmongolia.com/destination/region","index, follow","WebSite","98",""
"https://www.travelhubmongolia.com/destination/region?region=khuvsgul-north","200","","False","True","Монголын бүс нутаг, аймгууд | Travel Mongolia","Монголын бүс нутаг, 21 аймгаар ангилсан үзэх газрууд, түүхэн өв, аймаг бүрийн танилцуулга.","1","Зорих газрууд","https://www.travelhubmongolia.com/destination/region","index, follow","WebSite","98",""
"https://www.travelhubmongolia.com/destination/region?region=gobi","200","","False","True","Монголын бүс нутаг, аймгууд | Travel Mongolia","Монголын бүс нутаг, 21 аймгаар ангилсан үзэх газрууд, түүхэн өв, аймаг бүрийн танилцуулга.","1","Зорих газрууд","https://www.travelhubmongolia.com/destination/region","index, follow","WebSite","98",""
"https://www.travelhubmongolia.com/destination/region?region=altai-west","200","","False","True","Монголын бүс нутаг, аймгууд | Travel Mongolia","Монголын бүс нутаг, 21 аймгаар ангилсан үзэх газрууд, түүхэн өв, аймаг бүрийн танилцуулга.","1","Зорих газрууд","https://www.travelhubmongolia.com/destination/region","index, follow","WebSite","98",""
"https://www.travelhubmongolia.com/destination/region?region=eastern","200","","False","True","Монголын бүс нутаг, аймгууд | Travel Mongolia","Монголын бүс нутаг, 21 аймгаар ангилсан үзэх газрууд, түүхэн өв, аймаг бүрийн танилцуулга.","1","Зорих газрууд","https://www.travelhubmongolia.com/destination/region","index, follow","WebSite","98",""
"https://www.travelhubmongolia.com/privacy","200","","False","True","Нууцлалын бодлого | Travel Mongolia","Travel Hub Mongolia ямар мэдээлэл цуглуулдаг вэ: Google Analytics-ийн статистик, cookie, хэлний сонголт, гуравдагч талын үйлчилгээ, таны эрх.","1","Нууцлалын бодлого","https://www.travelhubmongolia.com/privacy","noindex, follow","WebSite;BreadcrumbList","98",""
"https://www.travelhubmongolia.com/terms","200","","False","True","Үйлчилгээний нөхцөл | Travel Mongolia","travelhubmongolia.com-ыг ашиглах нөхцөл: мэдээллийн үнэн зөв байдал, joinme.mn болон үйлчилгээ үзүүлэгчээр дамжих захиалга, зохиогчийн эрх.","1","Үйлчилгээний нөхцөл","https://www.travelhubmongolia.com/terms","noindex, follow","WebSite;BreadcrumbList","98",""
"https://www.travelhubmongolia.com/destination/5gHuNvalGv5MYMexAUrWEX","308","https://www.travelhubmongolia.com/destination/khuvsgul-nuur","False","False","","","0","","","","","1",""
"https://www.travelhubmongolia.com/destination/4E7saPDvAwtwwnw0GFpQSg","308","https://www.travelhubmongolia.com/destination/sukhbaataryn-talbai","False","False","","","0","","","","","1",""
"https://www.travelhubmongolia.com/recommendation/5dVnJSUkYMpfLavAKvqyfA","308","https://www.travelhubmongolia.com/recommendation/sumyn-naadam","False","False","","","0","","","","","1",""
"https://www.travelhubmongolia.com/recommendation/46P2ZsGTkRyowahv3BBgde","308","https://www.travelhubmongolia.com/recommendation/ulsyn-ikh-bayar-naadam","False","False","","","0","","","","","2",""
"https://www.travelhubmongolia.com/province/bayan-olgii","200","","False","False","Аймгийн мэдээлэл | Travel Mongolia","Монголд аялах бүх мэдээлэл нэг дор: үзэх газрууд, нүүдэлчин соёл, баяр наадам, аяллын маршрут, байрлах газар, аяллын зөвлөгөө.","1","BAYAN OLGII аймаг","https://www.travelhubmongolia.com","noindex","WebSite","1",""
"https://www.travelhubmongolia.com/recommendation/1ciXvnhrbkitFPRJkd7J28","308","https://www.travelhubmongolia.com/recommendation/aimgiin-naadam","False","False","","","0","","","","","1",""
"https://www.travelhubmongolia.com/destination/6tDLtOe6nWOzZDT0sdGMd","308","https://www.travelhubmongolia.com/destination/terelj","False","False","","","0","","","","","1",""
"https://www.travelhubmongolia.com/destination/3Rt7pnt87NLThFVsRS7DoU","308","https://www.travelhubmongolia.com/destination/13th-century","False","False","","","0","","","","","1",""
"https://www.travelhubmongolia.com/destination/5z3JM5JvdnFX4cUieV9Mrc","308","https://www.travelhubmongolia.com/destination/darkhan-uul","False","False","","","0","","","","","1",""
"https://www.travelhubmongolia.com/things-to-do/culture?cat=arts","200","","False","False","Монголын түүх, соёлын аялал | Travel Mongolia","Хийд, музей, эртний хот, хадны зураг, түүхэн дурсгалт газруудаар аялж Монголын соёл, өвтэй танилцаарай.","1","Түүх, соёл, өв","https://www.travelhubmongolia.com/things-to-do/culture","index, follow","WebSite","1",""
"https://www.travelhubmongolia.com/things-to-do/culture?cat=monasteries","200","","False","False","Монголын түүх, соёлын аялал | Travel Mongolia","Хийд, музей, эртний хот, хадны зураг, түүхэн дурсгалт газруудаар аялж Монголын соёл, өвтэй танилцаарай.","1","Түүх, соёл, өв","https://www.travelhubmongolia.com/things-to-do/culture","index, follow","WebSite","2",""
"https://www.travelhubmongolia.com/things-to-do/culture?cat=archaeology","200","","False","False","Монголын түүх, соёлын аялал | Travel Mongolia","Хийд, музей, эртний хот, хадны зураг, түүхэн дурсгалт газруудаар аялж Монголын соёл, өвтэй танилцаарай.","1","Түүх, соёл, өв","https://www.travelhubmongolia.com/things-to-do/culture","index, follow","WebSite","1",""
"https://www.travelhubmongolia.com/things-to-do/culture?cat=historical-sites","200","","False","False","Монголын түүх, соёлын аялал | Travel Mongolia","Хийд, музей, эртний хот, хадны зураг, түүхэн дурсгалт газруудаар аялж Монголын соёл, өвтэй танилцаарай.","1","Түүх, соёл, өв","https://www.travelhubmongolia.com/things-to-do/culture","index, follow","WebSite","1",""
"https://www.travelhubmongolia.com/things-to-do/culture?cat=crafts","200","","False","False","Монголын түүх, соёлын аялал | Travel Mongolia","Хийд, музей, эртний хот, хадны зураг, түүхэн дурсгалт газруудаар аялж Монголын соёл, өвтэй танилцаарай.","1","Түүх, соёл, өв","https://www.travelhubmongolia.com/things-to-do/culture","index, follow","WebSite","1",""
"https://www.travelhubmongolia.com/things-to-do/culture?cat=music-dance","200","","False","False","Монголын түүх, соёлын аялал | Travel Mongolia","Хийд, музей, эртний хот, хадны зураг, түүхэн дурсгалт газруудаар аялж Монголын соёл, өвтэй танилцаарай.","1","Түүх, соёл, өв","https://www.travelhubmongolia.com/things-to-do/culture","index, follow","WebSite","1",""
"https://www.travelhubmongolia.com/things-to-do/food?cat=national-dishes","200","","False","False","Монгол хоол, ундааны туршлага | Travel Mongolia","Малчин айлд хорхог хийх, айраг исгэх, цагаан идээ амтлах зэрэг Монголын хоол, ундааны өвөрмөц туршлагууд.","1","Хоол, ундааны туршлага","https://www.travelhubmongolia.com/things-to-do/food","index, follow","WebSite","1",""
"https://www.travelhubmongolia.com/things-to-do/food?cat=airag-fermentation","200","","False","False","Монгол хоол, ундааны туршлага | Travel Mongolia","Малчин айлд хорхог хийх, айраг исгэх, цагаан идээ амтлах зэрэг Монголын хоол, ундааны өвөрмөц туршлагууд.","1","Хоол, ундааны туршлага","https://www.travelhubmongolia.com/things-to-do/food","index, follow","WebSite","1",""
"https://www.travelhubmongolia.com/things-to-do/food?cat=dairy-products","200","","False","False","Монгол хоол, ундааны туршлага | Travel Mongolia","Малчин айлд хорхог хийх, айраг исгэх, цагаан идээ амтлах зэрэг Монголын хоол, ундааны өвөрмөц туршлагууд.","1","Хоол, ундааны туршлага","https://www.travelhubmongolia.com/things-to-do/food","index, follow","WebSite","1",""
"https://www.travelhubmongolia.com/things-to-do/food?cat=mongolian-tea","200","","False","False","Монгол хоол, ундааны туршлага | Travel Mongolia","Малчин айлд хорхог хийх, айраг исгэх, цагаан идээ амтлах зэрэг Монголын хоол, ундааны өвөрмөц туршлагууд.","1","Хоол, ундааны туршлага","https://www.travelhubmongolia.com/things-to-do/food","index, follow","WebSite","1",""
"https://www.travelhubmongolia.com/things-to-do/food?cat=regional-food","200","","False","False","Монгол хоол, ундааны туршлага | Travel Mongolia","Малчин айлд хорхог хийх, айраг исгэх, цагаан идээ амтлах зэрэг Монголын хоол, ундааны өвөрмөц туршлагууд.","1","Хоол, ундааны туршлага","https://www.travelhubmongolia.com/things-to-do/food","index, follow","WebSite","1",""
"https://www.travelhubmongolia.com/things-to-do/nature?cat=lakes-rivers","200","","False","False","Монголын байгальд аялах | Travel Mongolia","Говийн манхан, Хөвсгөл нуур, Алтайн мөсөн гол, тал хээр зэрэг Монголын байгалийн үзэсгэлэнт газруудаар аялах.","1","Байгальд аялах","https://www.travelhubmongolia.com/things-to-do/nature","index, follow","WebSite","1",""
"https://www.travelhubmongolia.com/things-to-do/nature?cat=mountains","200","","False","False","Монголын байгальд аялах | Travel Mongolia","Говийн манхан, Хөвсгөл нуур, Алтайн мөсөн гол, тал хээр зэрэг Монголын байгалийн үзэсгэлэнт газруудаар аялах.","1","Байгальд аялах","https://www.travelhubmongolia.com/things-to-do/nature","index, follow","WebSite","1",""
"https://www.travelhubmongolia.com/things-to-do/nature?cat=forest","200","","False","False","Монголын байгальд аялах | Travel Mongolia","Говийн манхан, Хөвсгөл нуур, Алтайн мөсөн гол, тал хээр зэрэг Монголын байгалийн үзэсгэлэнт газруудаар аялах.","1","Байгальд аялах","https://www.travelhubmongolia.com/things-to-do/nature","index, follow","WebSite","1",""
"https://www.travelhubmongolia.com/things-to-do/nature?cat=gobi","200","","False","False","Монголын байгальд аялах | Travel Mongolia","Говийн манхан, Хөвсгөл нуур, Алтайн мөсөн гол, тал хээр зэрэг Монголын байгалийн үзэсгэлэнт газруудаар аялах.","1","Байгальд аялах","https://www.travelhubmongolia.com/things-to-do/nature","index, follow","WebSite","1",""
"https://www.travelhubmongolia.com/things-to-do/nomadic?cat=migration","200","","False","False","Нүүдэлчин ахуйг мэдрэх: малчин айлд буух | Travel Mongolia","Малчин айлд хонож, мал сааж, гэр барих зэргээр Монголын нүүдэлчин амьдралыг өөрийн биеэр мэдрээрэй.","1","Нүүдэлчин ахуйг мэдрэх","https://www.travelhubmongolia.com/things-to-do/nomadic","index, follow","WebSite","1",""
"https://www.travelhubmongolia.com/things-to-do/nomadic?cat=ger-stay","200","","False","False","Нүүдэлчин ахуйг мэдрэх: малчин айлд буух | Travel Mongolia","Малчин айлд хонож, мал сааж, гэр барих зэргээр Монголын нүүдэлчин амьдралыг өөрийн биеэр мэдрээрэй.","1","Нүүдэлчин ахуйг мэдрэх","https://www.travelhubmongolia.com/things-to-do/nomadic","index, follow","WebSite","1",""
"https://www.travelhubmongolia.com/things-to-do/nomadic?cat=herding","200","","False","False","Нүүдэлчин ахуйг мэдрэх: малчин айлд буух | Travel Mongolia","Малчин айлд хонож, мал сааж, гэр барих зэргээр Монголын нүүдэлчин амьдралыг өөрийн биеэр мэдрээрэй.","1","Нүүдэлчин ахуйг мэдрэх","https://www.travelhubmongolia.com/things-to-do/nomadic","index, follow","WebSite","1",""
"https://www.travelhubmongolia.com/things-to-do/events?cat=tsagaan-sar","200","","False","False","Монголын баяр наадам, арга хэмжээ | Travel Mongolia","Наадам, Цагаан сар, Бүргэдийн баяр, Мөсний баяр зэрэг Монголын томоохон баяр наадам, арга хэмжээний хуанли.","1","Баяр наадам, арга хэмжээ","https://www.travelhubmongolia.com/things-to-do/events","index, follow","WebSite","1",""
"https://www.travelhubmongolia.com/things-to-do/nomadic?cat=visit-herder","200","","False","False","Нүүдэлчин ахуйг мэдрэх: малчин айлд буух | Travel Mongolia","Малчин айлд хонож, мал сааж, гэр барих зэргээр Монголын нүүдэлчин амьдралыг өөрийн биеэр мэдрээрэй.","1","Нүүдэлчин ахуйг мэдрэх","https://www.travelhubmongolia.com/things-to-do/nomadic","index, follow","WebSite","1",""
"https://www.travelhubmongolia.com/local","200","","False","False","Нутгийн Монгол: малчин өрх, хөтөч, гар урлаач | Travel Mongolia","Монголын нутгийн хүмүүс, өрхүүдийн санал болгодог туршлага, хөтөч, гар урлал, хоол, бүтээгдэхүүн. Нутгийн өгөөжтэй сонголтоо хийгээрэй.","1","Нутгийн Монгол","https://www.travelhubmongolia.com/local","noindex, follow","WebSite;BreadcrumbList","6",""
